epoch,time,train/box_loss,train/cls_loss,train/dfl_loss,metrics/precision(B),metrics/recall(B),metrics/mAP50(B),metrics/mAP50-95(B),val/box_loss,val/cls_loss,val/dfl_loss,lr/pg0,lr/pg1,lr/pg2
1,15.5476,2.00047,7.25581,2.57717,0,0,0,0,1.1848,4.51877,1.90966,3.05571e-05,3.05571e-05,3.05571e-05
2,31.0054,1.17361,6.3663,1.61315,0.00624,0.35938,0.02165,0.0159,0.90136,4.06823,1.55549,6.11509e-05,6.11509e-05,6.11509e-05
3,46.7662,1.05466,6.04489,1.48191,0.00724,0.625,0.02469,0.01773,1.0862,3.79298,1.75023,9.13354e-05,9.13354e-05,9.13354e-05
4,62.6035,1.02369,5.93902,1.44411,0.00807,0.62847,0.05686,0.04449,0.94851,3.77606,1.57986,9.11586e-05,9.11586e-05,9.11586e-05
5,78.359,0.98118,5.82964,1.40067,0.60453,0.09375,0.05996,0.04794,0.88725,3.51304,1.47901,9.05448e-05,9.05448e-05,9.05448e-05
6,94.1049,0.97751,5.75283,1.39923,0.00921,0.78125,0.07078,0.05764,0.87561,3.44494,1.47113,8.9931e-05,8.9931e-05,8.9931e-05
7,109.482,0.92385,5.60442,1.34414,0.54302,0.17346,0.13171,0.10617,0.8122,3.24409,1.40403,8.93172e-05,8.93172e-05,8.93172e-05
8,124.928,0.90753,5.5292,1.31957,0.59183,0.17287,0.11464,0.09538,0.75551,3.19071,1.34363,8.87034e-05,8.87034e-05,8.87034e-05
9,140.348,0.92635,5.48031,1.33091,0.50571,0.1879,0.1337,0.11047,0.80287,3.20426,1.37792,8.80896e-05,8.80896e-05,8.80896e-05
10,156.093,0.8784,5.53081,1.32542,0.59775,0.19792,0.23633,0.2007,0.78578,2.94383,1.36571,8.74758e-05,8.74758e-05,8.74758e-05
11,171.54,0.9086,5.3147,1.3169,0.53745,0.18319,0.17318,0.14933,0.72681,2.93756,1.34023,8.6862e-05,8.6862e-05,8.6862e-05
12,187.024,0.83854,5.11594,1.25832,0.50213,0.25846,0.24366,0.20626,0.76374,2.81993,1.34498,8.62482e-05,8.62482e-05,8.62482e-05
13,202.477,0.82832,5.04895,1.25418,0.51658,0.30289,0.27364,0.24005,0.70666,2.69991,1.28937,8.56344e-05,8.56344e-05,8.56344e-05
14,217.846,0.81827,5.11525,1.25721,0.65546,0.2565,0.32469,0.28043,0.74173,2.63574,1.32338,8.50206e-05,8.50206e-05,8.50206e-05
15,233.164,0.83595,4.91542,1.26591,0.49192,0.39583,0.37357,0.32401,0.68212,2.61309,1.26586,8.44068e-05,8.44068e-05,8.44068e-05
16,248.44,0.80373,4.74435,1.24133,0.57923,0.41842,0.45164,0.39038,0.67994,2.34979,1.25851,8.3793e-05,8.3793e-05,8.3793e-05
17,263.689,0.8218,4.75611,1.24331,0.63887,0.34847,0.44868,0.39113,0.67261,2.30301,1.22988,8.31792e-05,8.31792e-05,8.31792e-05
18,278.93,0.80128,4.58483,1.22957,0.46729,0.48219,0.51022,0.45139,0.62888,2.24241,1.23189,8.25654e-05,8.25654e-05,8.25654e-05
19,294.25,0.78188,4.51165,1.22098,0.45107,0.55995,0.54686,0.47677,0.65833,2.06983,1.2286,8.19516e-05,8.19516e-05,8.19516e-05
20,309.442,0.72851,4.37623,1.1731,0.56812,0.58761,0.61611,0.54984,0.60146,2.02483,1.19289,8.13378e-05,8.13378e-05,8.13378e-05
21,324.543,0.76121,4.35985,1.1967,0.61743,0.61133,0.71064,0.6399,0.58725,1.77345,1.19596,8.0724e-05,8.0724e-05,8.0724e-05
22,339.768,0.7551,4.21771,1.18718,0.66635,0.65744,0.75433,0.67346,0.61017,1.74771,1.18055,8.01102e-05,8.01102e-05,8.01102e-05
23,354.917,0.73989,4.18227,1.18391,0.6319,0.73658,0.78471,0.70169,0.62004,1.57674,1.20469,7.94964e-05,7.94964e-05,7.94964e-05
24,370.057,0.72275,4.01414,1.16507,0.63544,0.67744,0.73801,0.65187,0.64572,1.59176,1.22635,7.88826e-05,7.88826e-05,7.88826e-05
25,385.175,0.70744,4.00796,1.16598,0.66548,0.71919,0.80619,0.72559,0.58211,1.51793,1.17592,7.82688e-05,7.82688e-05,7.82688e-05
26,400.353,0.70716,3.84154,1.16408,0.71382,0.77867,0.87039,0.7747,0.60413,1.35068,1.16353,7.7655e-05,7.7655e-05,7.7655e-05
27,415.597,0.67603,3.7136,1.13933,0.74863,0.7745,0.85961,0.75003,0.64743,1.32089,1.20449,7.70412e-05,7.70412e-05,7.70412e-05
28,430.744,0.71768,3.70638,1.17073,0.64456,0.7547,0.80859,0.73062,0.57648,1.44114,1.17028,7.64274e-05,7.64274e-05,7.64274e-05
29,446.029,0.69212,3.59367,1.13784,0.69384,0.78663,0.87797,0.78797,0.55843,1.26011,1.15934,7.58136e-05,7.58136e-05,7.58136e-05
30,461.344,0.6608,3.50827,1.1237,0.64343,0.86177,0.88029,0.80038,0.52192,1.17356,1.11756,7.51998e-05,7.51998e-05,7.51998e-05
31,476.599,0.6471,3.32783,1.12375,0.75569,0.81952,0.9163,0.8384,0.50974,1.17742,1.1001,7.4586e-05,7.4586e-05,7.4586e-05
32,491.718,0.66762,3.37501,1.11641,0.78025,0.8426,0.91483,0.83135,0.52899,1.04119,1.10899,7.39722e-05,7.39722e-05,7.39722e-05
33,506.905,0.65784,3.22783,1.1275,0.79221,0.9122,0.94824,0.87206,0.48142,0.92565,1.09109,7.33584e-05,7.33584e-05,7.33584e-05
34,522.148,0.60982,3.09772,1.09812,0.76822,0.83371,0.92421,0.84733,0.49546,1.03912,1.09743,7.27446e-05,7.27446e-05,7.27446e-05
35,537.326,0.61307,3.06354,1.097,0.82718,0.88267,0.95338,0.85601,0.56386,0.86551,1.17371,7.21308e-05,7.21308e-05,7.21308e-05
36,552.492,0.59732,2.98589,1.08862,0.81229,0.8879,0.94549,0.85887,0.56033,0.89493,1.13097,7.1517e-05,7.1517e-05,7.1517e-05
37,567.591,0.63311,2.87885,1.11684,0.84303,0.9201,0.96407,0.89736,0.45363,0.80332,1.06119,7.09032e-05,7.09032e-05,7.09032e-05
38,582.78,0.59141,2.84436,1.08504,0.83884,0.91375,0.95872,0.8776,0.50859,0.82558,1.0929,7.02894e-05,7.02894e-05,7.02894e-05
39,597.967,0.60329,2.80137,1.08049,0.8296,0.91489,0.94526,0.85897,0.50981,0.85369,1.09224,6.96756e-05,6.96756e-05,6.96756e-05
40,613.179,0.56847,2.68378,1.06227,0.79271,0.91308,0.95491,0.86738,0.53814,0.81981,1.13937,6.90618e-05,6.90618e-05,6.90618e-05
41,628.336,0.57842,2.62924,1.0714,0.83648,0.93733,0.9579,0.88541,0.43631,0.79368,1.04708,6.8448e-05,6.8448e-05,6.8448e-05
42,643.495,0.60602,2.59812,1.09238,0.8121,0.94526,0.95619,0.88799,0.47005,0.7738,1.06822,6.78342e-05,6.78342e-05,6.78342e-05
43,658.763,0.55258,2.49951,1.04439,0.86294,0.93359,0.95464,0.88626,0.47075,0.70258,1.0652,6.72204e-05,6.72204e-05,6.72204e-05
44,673.98,0.59452,2.5371,1.08457,0.88398,0.89745,0.95874,0.89639,0.46365,0.69879,1.05712,6.66066e-05,6.66066e-05,6.66066e-05
45,689.163,0.54773,2.42059,1.05017,0.85113,0.93317,0.96151,0.89853,0.45034,0.65143,1.05175,6.59928e-05,6.59928e-05,6.59928e-05
46,704.328,0.54094,2.41263,1.03675,0.87695,0.92274,0.9622,0.88728,0.47678,0.67668,1.07417,6.5379e-05,6.5379e-05,6.5379e-05
47,719.485,0.52402,2.3272,1.03225,0.88387,0.9345,0.95875,0.87609,0.51521,0.65435,1.10617,6.47652e-05,6.47652e-05,6.47652e-05
48,734.593,0.54986,2.38289,1.05762,0.88249,0.94603,0.95637,0.9018,0.41445,0.61042,1.02413,6.41514e-05,6.41514e-05,6.41514e-05
49,749.805,0.53677,2.26395,1.04849,0.90741,0.89363,0.96135,0.89758,0.41812,0.63975,1.03729,6.35376e-05,6.35376e-05,6.35376e-05
50,765.092,0.54575,2.2614,1.04759,0.877,0.93153,0.96154,0.89562,0.44478,0.62395,1.05321,6.29238e-05,6.29238e-05,6.29238e-05
51,780.329,0.52037,2.17018,1.02733,0.90057,0.93009,0.96136,0.90029,0.42551,0.58943,1.03544,6.231e-05,6.231e-05,6.231e-05
52,795.585,0.54259,2.19233,1.03927,0.90468,0.93279,0.96136,0.88944,0.44686,0.58939,1.047,6.16962e-05,6.16962e-05,6.16962e-05
53,810.895,0.53024,2.13962,1.03133,0.91382,0.91972,0.95362,0.8909,0.45407,0.58318,1.0614,6.10824e-05,6.10824e-05,6.10824e-05
54,826.243,0.54566,2.09489,1.05035,0.86083,0.92989,0.95895,0.88374,0.45834,0.62899,1.04734,6.04686e-05,6.04686e-05,6.04686e-05
55,841.434,0.51026,2.04402,1.01424,0.93476,0.93053,0.96136,0.89342,0.43913,0.54662,1.04063,5.98548e-05,5.98548e-05,5.98548e-05
56,856.612,0.51416,1.98484,1.02462,0.89984,0.93509,0.96393,0.90182,0.40228,0.5597,1.0064,5.9241e-05,5.9241e-05,5.9241e-05
57,871.91,0.49048,1.95991,1.00396,0.88459,0.93451,0.9588,0.89603,0.40943,0.53526,1.02549,5.86272e-05,5.86272e-05,5.86272e-05
58,887.167,0.53083,2.00408,1.02822,0.86214,0.95569,0.96928,0.90053,0.4034,0.55841,1.02066,5.80134e-05,5.80134e-05,5.80134e-05
59,902.366,0.4741,1.9366,0.99606,0.92009,0.92774,0.96949,0.89981,0.42884,0.55204,1.02679,5.73996e-05,5.73996e-05,5.73996e-05
60,917.54,0.49416,1.93458,1.01622,0.92685,0.94158,0.96909,0.90262,0.4089,0.51832,1.01624,5.67858e-05,5.67858e-05,5.67858e-05
61,932.756,0.50648,1.93626,1.02066,0.93335,0.94668,0.9642,0.91409,0.39404,0.50288,0.99987,5.6172e-05,5.6172e-05,5.6172e-05
62,948.037,0.48601,1.81057,1.00475,0.86427,0.91814,0.96438,0.91717,0.3827,0.53333,0.9935,5.55582e-05,5.55582e-05,5.55582e-05
63,963.257,0.44439,1.73976,0.9825,0.93328,0.96121,0.96136,0.90052,0.40373,0.48021,1.00958,5.49444e-05,5.49444e-05,5.49444e-05
64,978.401,0.45906,1.78538,0.99488,0.93724,0.9279,0.95901,0.89557,0.41442,0.48365,1.01991,5.43306e-05,5.43306e-05,5.43306e-05
65,993.603,0.49763,1.87017,1.02715,0.91541,0.92558,0.9571,0.89685,0.4171,0.5087,1.02529,5.37168e-05,5.37168e-05,5.37168e-05
66,1008.84,0.45967,1.77161,0.99772,0.93549,0.93827,0.96211,0.89326,0.43866,0.48685,1.04151,5.3103e-05,5.3103e-05,5.3103e-05
67,1024.02,0.44177,1.65568,0.97352,0.92511,0.95067,0.95937,0.90178,0.39258,0.46087,1.0053,5.24892e-05,5.24892e-05,5.24892e-05
68,1039.22,0.47685,1.70934,0.99532,0.92599,0.94308,0.96185,0.90125,0.38706,0.48297,1.00179,5.18754e-05,5.18754e-05,5.18754e-05
69,1054.38,0.45321,1.68702,0.97831,0.92522,0.93531,0.96138,0.90193,0.3968,0.48245,1.00856,5.12616e-05,5.12616e-05,5.12616e-05
70,1069.59,0.48178,1.70513,1.00566,0.94626,0.9513,0.95917,0.90233,0.38003,0.42159,0.99649,5.06478e-05,5.06478e-05,5.06478e-05
71,1084.74,0.45351,1.61551,0.99665,0.92296,0.95677,0.95941,0.89955,0.42055,0.45825,1.01874,5.0034e-05,5.0034e-05,5.0034e-05
72,1099.86,0.4615,1.60824,0.98619,0.93839,0.95249,0.95912,0.90689,0.37788,0.44584,0.99383,4.94202e-05,4.94202e-05,4.94202e-05
73,1115.01,0.46112,1.62695,0.99348,0.91271,0.95363,0.96177,0.90305,0.38997,0.44728,0.99615,4.88064e-05,4.88064e-05,4.88064e-05
74,1130.23,0.45921,1.6609,0.98741,0.93172,0.95704,0.96164,0.90598,0.39776,0.43679,1.00865,4.81926e-05,4.81926e-05,4.81926e-05
75,1145.44,0.44381,1.61721,0.98086,0.91954,0.96555,0.96204,0.91746,0.36577,0.41579,0.98866,4.75788e-05,4.75788e-05,4.75788e-05
76,1160.71,0.44274,1.53873,0.98243,0.93405,0.9524,0.95936,0.91054,0.36606,0.43339,0.9867,4.6965e-05,4.6965e-05,4.6965e-05
77,1176,0.43073,1.50458,0.97324,0.92157,0.95143,0.95679,0.90545,0.39126,0.4441,1.00103,4.63512e-05,4.63512e-05,4.63512e-05
78,1191.3,0.43822,1.49421,0.98298,0.93042,0.93775,0.95424,0.90806,0.38144,0.41364,0.99067,4.57374e-05,4.57374e-05,4.57374e-05
79,1206.41,0.43489,1.5316,0.97256,0.91628,0.95198,0.96188,0.91653,0.37163,0.41682,0.98991,4.51236e-05,4.51236e-05,4.51236e-05
80,1221.49,0.43533,1.49881,0.97406,0.94168,0.93877,0.95691,0.91482,0.34413,0.41271,0.97043,4.45098e-05,4.45098e-05,4.45098e-05
81,1236.68,0.44186,1.53002,0.97701,0.92943,0.94308,0.95657,0.90724,0.39984,0.42843,1.00787,4.3896e-05,4.3896e-05,4.3896e-05
82,1251.87,0.42931,1.46256,0.971,0.91631,0.93929,0.95684,0.91815,0.34465,0.43521,0.98172,4.32822e-05,4.32822e-05,4.32822e-05
83,1267.05,0.4306,1.47291,0.98704,0.9414,0.95539,0.96185,0.91332,0.35882,0.39595,0.98029,4.26684e-05,4.26684e-05,4.26684e-05
84,1282.19,0.41986,1.43829,0.96594,0.94073,0.96875,0.96213,0.90943,0.37246,0.40889,0.99126,4.20546e-05,4.20546e-05,4.20546e-05
85,1297.31,0.41382,1.38201,0.95422,0.95033,0.95533,0.96255,0.91653,0.3395,0.40204,0.96682,4.14408e-05,4.14408e-05,4.14408e-05
86,1312.44,0.40964,1.38128,0.95746,0.94947,0.95172,0.95923,0.91615,0.35173,0.3822,0.96999,4.0827e-05,4.0827e-05,4.0827e-05
87,1327.65,0.42359,1.41071,0.96195,0.94708,0.95293,0.96213,0.90722,0.38282,0.39174,0.99022,4.02132e-05,4.02132e-05,4.02132e-05
88,1342.92,0.41693,1.38828,0.96731,0.95717,0.94148,0.96214,0.91688,0.34519,0.39873,0.96479,3.95994e-05,3.95994e-05,3.95994e-05
89,1358.09,0.42771,1.38925,0.97402,0.93949,0.9518,0.95921,0.91125,0.35339,0.38385,0.96769,3.89856e-05,3.89856e-05,3.89856e-05
90,1373.28,0.41594,1.4056,0.95931,0.95105,0.95399,0.95947,0.91304,0.35098,0.39043,0.96922,3.83718e-05,3.83718e-05,3.83718e-05
91,1388.43,0.40722,1.35825,0.9747,0.94601,0.96339,0.96226,0.91613,0.3498,0.37741,0.9672,3.7758e-05,3.7758e-05,3.7758e-05
92,1403.57,0.40276,1.31124,0.96267,0.95145,0.95162,0.96184,0.91155,0.34971,0.38337,0.97279,3.71442e-05,3.71442e-05,3.71442e-05
93,1418.71,0.39174,1.29334,0.961,0.93964,0.96022,0.96175,0.91254,0.35067,0.38069,0.96947,3.65304e-05,3.65304e-05,3.65304e-05
94,1433.88,0.39045,1.29587,0.9558,0.96226,0.95312,0.96171,0.91765,0.35434,0.38461,0.97819,3.59166e-05,3.59166e-05,3.59166e-05
95,1449.03,0.40888,1.32881,0.9738,0.96109,0.94852,0.96141,0.91021,0.35488,0.38537,0.96997,3.53028e-05,3.53028e-05,3.53028e-05
96,1464.19,0.40196,1.27269,0.95745,0.94864,0.95833,0.9619,0.91403,0.35198,0.36546,0.97405,3.4689e-05,3.4689e-05,3.4689e-05
97,1479.3,0.38918,1.27697,0.95145,0.95147,0.93993,0.96199,0.91045,0.36746,0.39618,0.98511,3.40752e-05,3.40752e-05,3.40752e-05
98,1494.5,0.41578,1.32145,0.95229,0.95698,0.94481,0.96174,0.91068,0.3831,0.38956,0.99592,3.34614e-05,3.34614e-05,3.34614e-05
99,1509.69,0.40403,1.30213,0.94811,0.94177,0.94937,0.95631,0.91869,0.35682,0.38312,0.97369,3.28476e-05,3.28476e-05,3.28476e-05
100,1524.99,0.39624,1.29075,0.95882,0.9471,0.96245,0.95917,0.91483,0.364,0.36876,0.98038,3.22338e-05,3.22338e-05,3.22338e-05
101,1540.22,0.38088,1.26752,0.93697,0.96163,0.94964,0.96176,0.91363,0.35134,0.37285,0.97309,3.162e-05,3.162e-05,3.162e-05
102,1555.45,0.40436,1.2859,0.95209,0.96339,0.95084,0.9629,0.91314,0.362,0.36464,0.98236,3.10062e-05,3.10062e-05,3.10062e-05
103,1570.64,0.38631,1.22289,0.94868,0.96119,0.96137,0.96246,0.91707,0.34504,0.35433,0.96796,3.03924e-05,3.03924e-05,3.03924e-05
104,1585.86,0.37615,1.22066,0.94269,0.96114,0.95725,0.95915,0.9117,0.34725,0.35489,0.97055,2.97786e-05,2.97786e-05,2.97786e-05
105,1601.14,0.3738,1.25514,0.94528,0.93123,0.96068,0.96143,0.91581,0.33797,0.36842,0.96301,2.91648e-05,2.91648e-05,2.91648e-05
106,1616.3,0.3682,1.16982,0.92716,0.93703,0.96124,0.96177,0.91022,0.34803,0.35471,0.96846,2.8551e-05,2.8551e-05,2.8551e-05
107,1631.44,0.38627,1.24143,0.95298,0.94713,0.95726,0.96455,0.91654,0.34322,0.3545,0.96481,2.79372e-05,2.79372e-05,2.79372e-05
108,1646.6,0.37187,1.18818,0.93319,0.95036,0.95295,0.96173,0.9151,0.34684,0.37199,0.96552,2.73234e-05,2.73234e-05,2.73234e-05
109,1661.78,0.38894,1.24491,0.95494,0.95097,0.95726,0.9618,0.91847,0.34984,0.3564,0.97041,2.67096e-05,2.67096e-05,2.67096e-05
110,1676.91,0.39008,1.21482,0.96056,0.95056,0.9669,0.96142,0.92142,0.35033,0.36419,0.96869,2.60958e-05,2.60958e-05,2.60958e-05
111,1692.08,0.37309,1.13497,0.93391,0.94711,0.95408,0.96401,0.92071,0.35128,0.36422,0.97238,2.5482e-05,2.5482e-05,2.5482e-05
112,1707.23,0.37045,1.16589,0.93926,0.94516,0.96445,0.95913,0.91735,0.32921,0.35078,0.95797,2.48682e-05,2.48682e-05,2.48682e-05
113,1722.37,0.37065,1.1381,0.9394,0.95426,0.95962,0.96145,0.91795,0.34262,0.3456,0.96307,2.42544e-05,2.42544e-05,2.42544e-05
114,1737.53,0.37664,1.22571,0.94611,0.95724,0.95082,0.96144,0.91476,0.33458,0.34813,0.96029,2.36406e-05,2.36406e-05,2.36406e-05
115,1752.73,0.359,1.11958,0.93799,0.94064,0.95158,0.96143,0.91942,0.33579,0.35525,0.96192,2.30268e-05,2.30268e-05,2.30268e-05
116,1767.9,0.36381,1.15345,0.94248,0.95417,0.95247,0.96142,0.91649,0.34129,0.34665,0.96157,2.2413e-05,2.2413e-05,2.2413e-05
117,1783.05,0.36064,1.19092,0.93062,0.95879,0.9516,0.96142,0.92087,0.33308,0.34502,0.96175,2.17992e-05,2.17992e-05,2.17992e-05
118,1798.22,0.38049,1.18878,0.93991,0.94385,0.95489,0.96143,0.92465,0.31848,0.33804,0.95277,2.11854e-05,2.11854e-05,2.11854e-05
119,1813.34,0.37205,1.16812,0.93997,0.95718,0.9576,0.96176,0.92316,0.32639,0.3426,0.95975,2.05716e-05,2.05716e-05,2.05716e-05
120,1828.5,0.36556,1.13967,0.93834,0.94018,0.96875,0.9592,0.91287,0.33584,0.32429,0.96332,1.99578e-05,1.99578e-05,1.99578e-05
121,1843.6,0.35503,1.11032,0.92497,0.95371,0.95611,0.96143,0.91836,0.33947,0.34658,0.96622,1.9344e-05,1.9344e-05,1.9344e-05
122,1858.76,0.34359,1.11904,0.9216,0.95139,0.94868,0.96147,0.92084,0.33407,0.34706,0.96664,1.87302e-05,1.87302e-05,1.87302e-05
123,1873.95,0.35846,1.10004,0.92463,0.94629,0.96723,0.96144,0.92204,0.33259,0.33728,0.9665,1.81164e-05,1.81164e-05,1.81164e-05
124,1889.23,0.35635,1.08709,0.93055,0.94837,0.96735,0.96143,0.92087,0.33537,0.3441,0.96292,1.75026e-05,1.75026e-05,1.75026e-05
125,1904.49,0.36784,1.10987,0.92951,0.94783,0.95393,0.96175,0.91703,0.34146,0.34727,0.96263,1.68888e-05,1.68888e-05,1.68888e-05
126,1919.66,0.34747,1.1006,0.92612,0.95185,0.96372,0.96144,0.92038,0.34927,0.3474,0.97272,1.6275e-05,1.6275e-05,1.6275e-05
127,1934.82,0.34512,1.08143,0.9178,0.95257,0.96422,0.96145,0.91993,0.33822,0.3476,0.96585,1.56612e-05,1.56612e-05,1.56612e-05
128,1950.04,0.36675,1.11477,0.9444,0.9611,0.96035,0.96402,0.9251,0.32521,0.33969,0.95556,1.50474e-05,1.50474e-05,1.50474e-05
129,1965.24,0.33549,1.08061,0.91419,0.95998,0.9603,0.96144,0.92185,0.33593,0.3439,0.96146,1.44336e-05,1.44336e-05,1.44336e-05
130,1980.41,0.37146,1.09402,0.94425,0.95304,0.95944,0.96145,0.92399,0.32638,0.33798,0.95736,1.38198e-05,1.38198e-05,1.38198e-05
131,1995.6,0.35563,1.07732,0.92597,0.95592,0.95708,0.96145,0.9218,0.31939,0.33437,0.94936,1.3206e-05,1.3206e-05,1.3206e-05
132,2010.75,0.34306,1.05579,0.92381,0.95922,0.96096,0.96403,0.92277,0.32256,0.32972,0.94757,1.25922e-05,1.25922e-05,1.25922e-05
133,2025.87,0.35919,1.12474,0.93809,0.96176,0.95725,0.96184,0.92296,0.33229,0.33361,0.95251,1.19784e-05,1.19784e-05,1.19784e-05
134,2041.03,0.33562,1.09003,0.91885,0.96243,0.95718,0.96146,0.91837,0.3319,0.33865,0.95622,1.13646e-05,1.13646e-05,1.13646e-05
135,2056.19,0.33929,1.09042,0.93027,0.96099,0.95945,0.96144,0.92197,0.32594,0.3398,0.95263,1.07508e-05,1.07508e-05,1.07508e-05
136,2071.42,0.3295,1.08231,0.91589,0.9501,0.95828,0.964,0.92426,0.32763,0.34176,0.95089,1.0137e-05,1.0137e-05,1.0137e-05
137,2086.62,0.33602,1.03961,0.91252,0.94795,0.95767,0.96144,0.91795,0.32711,0.34459,0.952,9.5232e-06,9.5232e-06,9.5232e-06
138,2101.79,0.33495,1.09528,0.9207,0.94547,0.95045,0.96401,0.92353,0.32282,0.33579,0.94986,8.9094e-06,8.9094e-06,8.9094e-06
139,2116.94,0.3381,1.03565,0.92175,0.93622,0.95519,0.96403,0.92574,0.31942,0.3397,0.9512,8.2956e-06,8.2956e-06,8.2956e-06
140,2132.19,0.32655,1.06642,0.92051,0.94559,0.96353,0.96402,0.9226,0.3153,0.32605,0.94704,7.6818e-06,7.6818e-06,7.6818e-06
141,2166.45,0.26138,1.24873,0.8743,0.96581,0.95538,0.96427,0.92422,0.32949,0.34194,0.95005,7.068e-06,7.068e-06,7.068e-06
142,2181.62,0.25614,1.29722,0.87665,0.95142,0.94913,0.96429,0.92236,0.32776,0.34096,0.951,6.4542e-06,6.4542e-06,6.4542e-06
143,2196.9,0.25583,1.24524,0.86339,0.95272,0.94893,0.96398,0.92329,0.32454,0.3407,0.95186,5.8404e-06,5.8404e-06,5.8404e-06
144,2212.15,0.25469,1.25362,0.86443,0.95237,0.94876,0.96399,0.92239,0.3228,0.33788,0.94835,5.2266e-06,5.2266e-06,5.2266e-06
145,2227.28,0.25654,1.22996,0.85732,0.95609,0.94912,0.96399,0.92104,0.31886,0.33323,0.9454,4.6128e-06,4.6128e-06,4.6128e-06
146,2242.51,0.2509,1.23553,0.86052,0.95213,0.94906,0.96399,0.92223,0.32082,0.32969,0.94755,3.999e-06,3.999e-06,3.999e-06
147,2257.82,0.24378,1.23391,0.87131,0.95226,0.94869,0.96399,0.92297,0.31832,0.32992,0.94552,3.3852e-06,3.3852e-06,3.3852e-06
148,2273.1,0.25662,1.24059,0.85838,0.95167,0.94886,0.96431,0.92179,0.32132,0.33066,0.9445,2.7714e-06,2.7714e-06,2.7714e-06
149,2288.22,0.24129,1.23577,0.87099,0.95114,0.94888,0.96433,0.9238,0.31945,0.32844,0.94561,2.1576e-06,2.1576e-06,2.1576e-06
150,2303.37,0.24512,1.22913,0.86606,0.9552,0.94917,0.96434,0.92271,0.31588,0.32321,0.94326,1.5438e-06,1.5438e-06,1.5438e-06
